{"cameraMode":{"drawMode":0,"name":"Shaded","section":"Shading Mode"},"sceneLighting":true,"audioPlay":false,"sceneViewState":{"m_AlwaysRefresh":false,"showFog":true,"showSkybox":true,"showFlares":true,"showImageEffects":true,"showParticleSystems":true,"showVisualEffectGraphs":true,"m_FxEnabled":true},"in2DMode":false,"pivot":{"x":1.0371450185775757,"y":-0.6752567291259766,"z":8.046154975891114},"rotation":{"x":0.20168764889240266,"y":-0.05432826653122902,"z":0.011205224320292473,"w":0.9778781533241272},"size":8.552891731262207,"orthographic":false}